ID,method,prop_POC,C_N_MAOC,C_N_POC,yield_N,yield_C,Clay,pH,TOC,TOC_mesured,TIC,num_ID,c_poc,c_maoc
SP 05,M1,36.3546078161492,10.7590759075908,21.6434108527132,90.4199085449086,96.3778221643907,34.47,6.46,62.38,43.48,0.09,65,15.806983478461671,27.673016521538326
PS 04,M1,56.6941875218359,20.1981132075472,34.1132075471698,96.6054335367553,86.0575219051612,8.6,5.27,20.78,28.02,0.0,61,15.88571134361842,12.134288656381582
EPC 39a,M1,35.8660174635798,9.43392070484582,16.2893081761006,103.007047834203,100.145234389505,38.69,5.99,31.72,45.6,0.0,51,16.354903963392392,29.245096036607617
CL-14-2015,M1,23.4712172766752,8.98026315789474,22.2,92.1553058340623,93.1722726421902,33.0,6.8,13.01,13.01,0.0,44,3.0536053676954436,9.956394632304555
CL-14-2002,M1,30.0156500854758,9.01948051948052,30.7674418604651,99.6138211382113,102.895356387012,33.0,6.8,13.3,13.3,0.0,43,3.992081461368282,9.30791853863172
CL-10-2015,M1,37.667210993053,8.88888888888889,27.5957446808511,98.9952513039584,97.7780551599934,33.0,6.8,14.14,14.14,0.0,42,5.326143634417694,8.813856365582305
CL-10-2002,M1,35.4480352408559,8.73248407643312,25.8837209302326,91.7367864239509,105.136776578459,33.0,6.8,12.05,12.05,0.0,41,4.271488246523137,7.778511753476864
CL-05-2002,M1,33.5942457828481,8.83571428571429,26.1739130434783,84.259291972866,86.6841557772833,33.0,6.8,14.14,14.14,0.0,39,4.750226353694721,9.389773646305278
CHS 57b,M1,64.8968600739299,20.3202054794521,22.1836734693877,101.297875513497,99.5722389797878,5.31,4.54,34.16,30.61,0.0,38,19.864928868629942,10.745071131370057
CHS 57A,M1,50.9862605973527,10.039911308204,14.7363636363636,94.405312632293,92.1779678754361,15.41,4.57,23.07,25.66,0.0,37,13.083074469280701,12.576925530719299
CHS 35,M1,41.3839951089792,18.9140271493213,24.7071428571429,112.038813620702,106.107825071189,17.56,4.37,39.87,47.11,0.0,36,19.4960000958401,27.6139999041599
CHP 18,M1,28.4429589904974,13.457264957265,23.3211009174312,98.8500574664097,89.955062970132,46.86,5.11,35.45,32.78,0.0,35,9.323601957085048,23.45639804291495
CHP 10,M1,32.073995028589,11.5641025641026,20.157469717362,101.461661469135,94.1001955219538,61.51,4.7,42.97,44.92,0.0,34,14.40763856684218,30.512361433157825
WF MI,M1,27.8700793484005,15.8622754491018,27.8826815642458,91.1410281949355,103.800452208055,43.2,7.3,32.8,50.18,19.6,68,13.98520581702737,36.194794182972636
WF CR,M1,26.1457804398663,16.9404761904762,51.4032258064516,87.161013018337,103.921351601823,43.2,7.3,18.6,37.73,19.6,67,9.864802959961555,27.865197040038446
FM MI,M1,15.7111104486921,11.1409395973154,18.6581818181818,87.2436322317962,93.1032100024071,15.0,6.7,19.3,19.95,1.3,53,3.134366534514074,16.815633465485924
FM CR,M1,12.6190803938084,10.9791666666667,15.9326923076923,84.6429182567599,90.9076348878798,15.0,6.7,17.2,18.62,1.3,52,2.349672769327124,16.270327230672876
DE MI,M1,22.40302122896,9.96035242290749,14.3526315789474,90.1040073889419,96.9086466862118,44.7,7.1,23.2,24.26,1.7,48,5.4349729501456965,18.825027049854306
DE CR,M1,16.6378274000309,8.81290322580645,11.7123287671233,89.5195289317143,94.8437569530815,44.7,7.1,11.0,13.1,1.7,47,2.179555389404048,10.920444610595952
BZE 6201,M1,30.2041178724637,9.80786026200873,12.6363636363636,92.765617875057,103.993410326252,15.0,7.85,25.09,21.97,11.01,33,6.635844696580276,15.334155303419724
BZE 6035,M1,35.0601541258303,14.2542819499341,15.1639344262295,93.1102303043754,90.8146538127222,3.8,6.07,21.73,36.41,0.0,32,12.765402117214812,23.64459788278518
BZE 5406,M1,36.7049989450695,8.63888888888889,10.0727482678984,90.7242654240195,95.444418744087,37.6,7.38,81.08,75.38,4.18,31,27.668228204793387,47.71177179520661
BZE 5300,M1,44.1655832021119,9.53069306930693,11.2628205128205,91.5466584770928,95.092958605062,20.5,6.58,41.6,43.51,0.0,30,19.216445251238884,24.29355474876111
BZE 5216,M1,32.1419797160674,9.89540816326531,13.4,99.8712240737139,96.6720851286891,22.4,5.46,61.2,60.27,0.0,29,19.37197117487382,40.89802882512618
BZE 4770,M1,33.0068939175798,10.1124161073826,13.8986666666667,91.5905795155487,95.146820267213,67.2,7.31,80.16,73.59,2.84,28,24.28977323394698,49.30022676605302
BZE 4764,M1,33.7550941476008,8.93812375249501,13.7525597269625,94.5010670081093,93.7063982376412,46.0,6.42,56.45,56.22,0.0,27,18.97711392978117,37.24288607021882
BZE 4655,M1,20.2300063237855,10.910447761194,13.3506944444444,88.8819421110737,101.615840589012,21.5,6.6,15.67,16.45,0.31,26,3.3278360402627145,13.122163959737286
BZE 3952,M1,18.8403387463347,9.38513513513514,13.0898203592814,87.9779577147998,94.9967121380129,31.4,8.1,14.04,15.7,15.81,25,2.9579331831745477,12.742066816825451
BZE 3581,M1,16.6891516546307,8.22727272727273,13.2264150943396,88.2859603789836,87.419524919525,29.3,6.36,11.01,11.44,0.0,24,1.909238949289752,9.530761050710247
BZE 3290,M1,40.7817356987135,9.64670658682635,11.490832157969,94.8190578479914,98.9277883821464,31.1,6.01,59.29,58.57,0.0,23,23.885862598736495,34.684137401263506
BZE 2659,M1,35.3046920763863,11.5736434108527,13.993288590604,82.4329146730462,90.2125017700368,21.5,7.58,22.38,21.4,2.63,22,7.555204104346668,13.84479589565333
BZE 1412,M1,27.1814456011933,15.7549668874172,15.0,98.8835891443254,102.262142605748,3.2,5.9,15.53,15.63,0.0,20,4.248459947466513,11.381540052533488
BZE 1173,M1,38.0753630532868,13.8139377537212,14.2628865979381,99.0457910611461,96.1207323837393,5.2,5.89,59.77,61.95,0.0,18,23.587687411511173,38.36231258848883
BZE 0259,M1,27.4254400705885,10.9160583941606,15.811320754717,101.418113937783,104.987359456219,34.1,7.49,27.13,27.08,4.64,17,7.426809171115366,19.653190828884632
BZE 0060,M1,44.9478299588779,9.42250530785563,12.0966057441253,99.3595639306144,99.5573571267568,56.1,5.3,120.31,116.42,0.0,16,52.32826363812565,64.09173636187435
BS MI,M1,21.3905687124909,11.5081081081081,21.25,90.1041504942298,93.7442168244453,4.0,6.25,18.3,8.83,0.0,15,1.8887872173129465,6.941212782687054
BS A,M1,24.1044836020904,10.762331838565,20.8421052631579,98.607859929584,103.066008789416,4.0,6.25,15.5,10.49,0.0,14,2.528560329859283,7.9614396701407175
6019,M1,46.706799335055,9.4696734059098,11.1834130781499,97.5591251814733,97.8859450653485,39.1,5.86,136.96,0.0,0.0,6,0.0,0.0
3820,M1,20.2123477912624,9.57933579335793,12.0850439882698,101.311698633453,103.537661018641,53.9,7.52,28.94,27.1,29.27,4,5.477546251432111,21.622453748567892
3596,M1,25.2411017828,9.40291262135923,12.8678414096916,91.6339121059358,98.0550788130119,60.0,7.57,22.98,21.59,13.35,3,5.44955387490652,16.14044612509348
1005,M1,19.2826595428512,8.81899109792285,12.0,99.0945677933665,95.5031522433725,10.8,6.52,9.05,9.74,0.0,2,1.878131039473707,7.861868960526293
786,M1,31.3477686381251,20.7509549274255,20.051724137931,102.637481429777,102.56851604052,3.6,6.02,35.61,33.07,0.0,1,10.36670708862797,22.703292911372028
347,M1,62.7084097444066,16.8557327258922,16.3664596273292,93.7037438958221,94.486903750969,4.4,6.08,76.0,0.0,0.0,0,0.0,0.0
TT-06,M1,17.509173117132,8.3030303030303,11.0227272727273,100.534376926704,94.1350415610703,28.1,8.6,15.9,15.57,171.6,66,2.726178254337453,12.843821745662547
REMENDIA,M1,23.8324259809663,9.16044776119403,15.7371428571429,96.7646035751344,98.6383443130481,39.1,5.8,36.6,25.55,0.0,63,6.089184838136889,19.460815161863113
ENERIZ C4,M1,14.5540573265146,7.86131386861314,12.0135135135135,94.9049673363737,91.3323316028234,29.8,8.6,12.1,55.5,399.3,50,8.077501816215603,47.4224981837844
ENERIZ C3,M1,27.3313051425808,8.33333333333333,11.2056074766355,86.0182331808982,84.362592431883,29.8,8.6,14.0,57.98,399.3,49,15.846690721668345,42.13330927833165
CS-16-058-A2,M1,21.1178675049794,8.58333333333333,10.0718954248366,85.1910047389791,90.7105373583504,30.2,7.9,12.4,72.15,479.0,46,15.236541404842638,56.913458595157365
170-3-0-15,M1,30.7564792789175,8.65217391304348,16.3980582524272,95.9808617973143,99.2296711324067,29.4,7.4,34.3,34.27,0.0,13,10.540245448885027,23.72975455111498
156-2-0-15,M1,17.1736868108525,9.55474452554745,13.1799100449775,93.0582614817176,109.16778754011,37.8,8.1,27.0,26.27,536.5,12,4.511527525210952,21.758472474789045
154-2-15-30,M1,20.8571764529642,6.92592592592593,15.6666666666667,105.036336378925,103.451458394255,35.7,8.6,11.0,22.88,706.2,11,4.7721219724382085,18.10787802756179
154-1-0-15,M1,30.7704927221878,8.51960784313726,14.8308823529412,99.9439132159615,105.897979281673,33.1,8.2,20.0,16.39,619.0,9,5.04328375716658,11.346716242833422
15-KOE-1-18,M1,14.3792278793105,14.7777777777778,19.8,101.36812098715,104.342244390615,4.4,6.6,15.5,16.39,0.0,8,2.356755449418991,14.033244550581008
13-KOE-1-18,M1,27.2068373388188,14.1770833333333,20.7832618025751,100.947374229285,104.473601183386,68.1,7.4,29.3,32.39,0.0,7,8.81229461404341,23.57770538595659
M22/02 88,M1,36.5296711046423,12.2696757634698,13.1489199946335,96.0637407323956,96.0822272736193,6.3,6.6,57.4,59.1,0.0,57,21.5890356228436,37.510964377156405
M22/02 82,M1,29.1661628428157,11.9185108069646,13.7959549290463,103.012125817816,100.668993814123,5.5,6.6,63.6,63.5,0.0,56,18.52051340518797,44.97948659481202
M22/03 12,M1,36.6114032003277,10.983844927974,12.0201934085207,95.1435915678525,93.6581512102154,14.7,6.5,76.1,79.5,0.0,58,29.106065544260524,50.39393445573948
M20/18 03,M1,46.5139646149784,12.4140337950194,14.3096108186229,96.7758808859619,96.7008263313444,8.5,5.3,87.4,94.0,0.0,55,43.72312673807969,50.27687326192031
M20/04 77,M1,21.7740806457267,8.5379347290997,11.0548061047799,92.1316127026427,91.6031905616321,30.0,6.1,50.2,51.5,0.0,54,11.21365153254925,40.28634846745075
P114,M1,22.5087277709414,10.6655535743232,20.3097883358926,97.3088456840391,104.454681209512,43.2,7.0,3.5,3.56,0.0,60,0.8013107086455139,2.758689291354486
P014,M1,14.5806771441438,10.9833453121515,16.5585464333782,98.35471605689,97.1431102066029,17.0,6.7,1.9,2.105,0.0,59,0.306923253884227,1.798076746115773
SP 05,M2,30.0212934134925,11.9845,23.1533,91.064932625143,103.213450646644,34.47,6.46,62.38,43.48,0.09,65,13.053258376186538,30.42674162381346
PS 04,M2,48.7128428457835,20.833,36.1708,100.411294431164,89.201877793917,8.6,5.27,20.78,28.02,0.0,61,13.649338565388536,14.370661434611463
EPC 39a,M2,28.2580898874767,10.0405,16.8071,97.1845925619843,96.4132094416323,38.69,5.99,31.72,45.6,0.0,51,12.885688988689376,32.71431101131063
CL-14-2015,M2,23.640614057355,9.0514,28.0453,94.7393404053329,98.6866502574754,33.0,6.8,13.01,13.01,0.0,44,3.075643888861885,9.934356111138115
CL-14-2002,M2,24.9349685478454,9.6535,28.2623,96.8035621929144,100.63866026587,33.0,6.8,13.3,13.3,0.0,43,3.3163508168634386,9.983649183136562
CL-10-2015,M2,24.101286710912,9.1546,25.8431,105.079833569042,94.3722148165485,33.0,6.8,14.14,14.14,0.0,42,3.407921940922957,10.732078059077043
CL-10-2002,M2,31.0393679120165,8.9649,28.7568,95.1612588038921,108.747869100423,33.0,6.8,12.05,12.05,0.0,41,3.740243833397988,8.309756166602012
CL-05-2002,M2,29.6418558235131,8.9524,28.8389,93.1937013618677,94.939735496618,33.0,6.8,14.14,14.14,0.0,39,4.191358413444753,9.948641586555249
CHS 57b,M2,64.0934802711237,19.0772,22.4735,116.655534478613,112.553718062509,5.31,4.54,34.16,30.61,0.0,38,19.619014310990963,10.990985689009037
CHS 57A,M2,43.8486721412469,10.4339,15.1798,92.8794771946561,91.5490123610654,15.41,4.57,23.07,25.66,0.0,37,11.251569271443955,14.408430728556045
CHS 35,M2,31.0153599766211,20.028,25.315,102.470455538691,99.2045358860729,17.56,4.37,39.87,47.11,0.0,36,14.611336084986199,32.4986639150138
CHP 18,M2,25.2223904792954,13.8813,24.3659,97.5599949368219,90.2339340259615,46.86,5.11,35.45,32.78,0.0,35,8.267899599113031,24.51210040088697
CHP 10,M2,27.3515128293254,11.993,20.4237,103.939928541842,97.2582531680513,61.51,4.7,42.97,44.92,0.0,34,12.286299562932971,32.633700437067034
WF MI,M2,24.9545728582124,14.8802,27.195,95.4723463570911,101.241912336619,43.2,7.3,32.8,50.18,19.6,68,12.522204660250983,37.657795339749015
WF CR,M2,18.5035031496128,15.6316,47.6816,95.9228734392523,99.3266056708825,43.2,7.3,18.6,37.73,19.6,67,6.981371738348909,30.74862826165109
FM MI,M2,9.99271601924732,10.8817,20.5552,101.833851426642,104.067958793356,15.0,6.7,19.3,19.95,1.3,53,1.9935468458398404,17.956453154160158
FM CR,M2,9.75290769398426,10.6939,20.5158,87.2326967453318,92.1066522358673,15.0,6.7,17.2,18.62,1.3,52,1.8159914126198695,16.80400858738013
DE MI,M2,21.4463260215002,10.0156,14.9829,92.3763321740418,100.312667433193,44.7,7.1,23.2,24.26,1.7,48,5.202878692815949,19.057121307184055
DE CR,M2,10.9985579014726,8.6533,12.4484,95.9067010975997,98.8282753665643,44.7,7.1,11.0,13.1,1.7,47,1.4408110850929106,11.659188914907089
BZE 6201,M2,20.8931202542565,10.2091,13.5629,93.816,107.503063667796,15.0,7.85,25.09,21.97,11.01,33,4.590218519860153,17.379781480139844
BZE 6035,M2,22.0323479047958,14.6109,16.6963,92.9268449172907,93.7557972254586,3.8,6.07,21.73,36.41,0.0,32,8.02197787213615,28.388022127863845
BZE 5406,M2,28.1680755439226,8.8249,10.847,89.6259445458086,96.3676893310412,37.6,7.38,81.08,75.38,4.18,31,21.233095345008856,54.14690465499114
BZE 5300,M2,35.3263511477596,9.3249,11.3759,92.4631992714781,93.6375185091955,20.5,6.58,41.6,43.51,0.0,30,15.370495384390203,28.1395046156098
BZE 5216,M2,18.5417861846624,10.1961,15.4565,100.312960471523,97.8769603030198,22.4,5.46,61.2,60.27,0.0,29,11.175134533496028,49.094865466503975
BZE 4770,M2,26.46493334508,10.7511,13.9967,91.9428002283492,98.4111418797942,67.2,7.31,80.16,73.59,2.84,28,19.475544448644374,54.11445555135563
BZE 4764,M2,24.9420378151402,9.0505,15.2286,93.2529514224889,91.864152806749,46.0,6.42,56.45,56.22,0.0,27,14.02241365967182,42.19758634032818
BZE 4655,M2,15.2855658272991,9.8614,14.9867,94.8946054077117,99.9112925948513,21.5,6.6,15.67,16.45,0.31,26,2.5144755785907016,13.935524421409298
BZE 3952,M2,16.3632121552016,9.808,15.3808,89.8147770226911,101.857951163612,31.4,8.1,14.04,15.7,15.81,25,2.569024308366651,13.130975691633346
BZE 3581,M2,11.4897442112671,8.2824,14.3592,98.6125025416798,96.4902833620525,29.3,6.36,11.01,11.44,0.0,24,1.3144267377689562,10.125573262231043
BZE 3290,M2,34.9512867947801,9.3696,11.4306,96.1489922125515,97.1326113369446,31.1,6.01,59.29,58.57,0.0,23,20.470968675702704,38.09903132429729
BZE 2659,M2,18.2214512717578,11.7502,13.6376,96.3362509946573,102.925758462688,21.5,7.58,22.38,21.4,2.63,22,3.8993905721561686,17.500609427843827
BZE 1412,M2,23.8776469550425,15.1918,15.58,91.422256086339,93.2887135988244,3.2,5.9,15.53,15.63,0.0,20,3.732076219073143,11.897923780926856
BZE 1173,M2,41.5115934750267,14.5878,14.2852,98.0955355560908,98.5096321747417,5.2,5.89,59.77,61.95,0.0,18,25.71643215777904,36.233567842220964
BZE 0259,M2,22.684687631004,11.4826,15.4301,95.137707198808,100.528367186154,34.1,7.49,27.13,27.08,4.64,17,6.1430134104758825,20.936986589524118
BZE 0060,M2,32.6877591349801,9.4941,13.1258,99.3173891380169,99.2689511363279,56.1,5.3,120.31,116.42,0.0,16,38.05508918494383,78.36491081505616
BS MI,M2,19.3655704013001,11.015,20.5518,96.7065423732409,95.3079122461097,4.0,6.25,18.3,8.83,0.0,15,1.709979866434799,7.120020133565201
BS A,M2,16.8493152437073,10.8631,19.8663,93.3861561182799,94.0034089764534,4.0,6.25,15.5,10.49,0.0,14,1.7674931690648958,8.722506830935105
6019,M2,37.5990272544071,9.6177,11.479,96.1114998239208,96.8463113247166,39.1,5.86,136.96,0.0,0.0,6,0.0,0.0
3820,M2,18.6531022521607,10.0152,13.5162,97.8683486121539,105.313363875921,53.9,7.52,28.94,27.1,29.27,4,5.05499071033555,22.045009289664453
3596,M2,20.3985989027122,9.6937,13.6966,89.5919205996508,97.9804651376797,60.0,7.57,22.98,21.59,13.35,3,4.404057503095564,17.18594249690444
1005,M2,13.3637197822797,9.253,13.3999,95.974805895081,95.8047529494954,10.8,6.52,9.05,9.74,0.0,2,1.301626306794043,8.438373693205957
786,M2,23.475803778846,21.0013,21.8159,96.308209973864,99.3220719664907,3.6,6.02,35.61,33.07,0.0,1,7.763448309664372,25.306551690335628
347,M2,48.4244235112938,16.9665,16.5796,96.4537275589908,98.6520584239985,4.4,6.08,76.0,0.0,0.0,0,0.0,0.0
TT-06,M2,12.4970777811174,8.7899,11.9474,98.6558590908024,96.6773689023609,28.1,8.6,15.9,15.57,171.6,66,1.945795010519979,13.624204989480022
REMENDIA,M2,21.7062042650285,9.1763,17.5496,101.235931022848,103.700484642974,39.1,5.8,36.6,25.55,0.0,63,5.545935189714782,20.004064810285218
ENERIZ C4,M2,13.5328908444642,8.2288,12.4684,89.4546198070421,89.779968652271,29.8,8.6,12.1,55.5,399.3,50,7.510754418677631,47.989245581322365
ENERIZ C3,M2,23.9750498814565,7.8849,12.6173,95.1496479677993,90.1881431293124,29.8,8.6,14.0,57.98,399.3,49,13.900733921268479,44.07926607873152
CS-16-058-A2,M2,15.1882260307444,8.516,11.3811,86.3336013296552,91.6988452926128,30.2,7.9,12.4,72.15,479.0,46,10.958305081182086,61.19169491881792
170-3-0-15,M2,29.0594941966496,8.8053,16.4144,96.7441952768406,100.514594276693,29.4,7.4,34.3,34.27,0.0,13,9.958688661191818,24.311311338808185
156-2-0-15,M2,15.7249829365762,8.4267,12.8596,102.362908098973,106.667122619618,37.8,8.1,27.0,26.27,536.5,12,4.130953017438568,22.139046982561435
154-2-15-30,M2,17.3041674523851,7.348,15.0194,100.621774354105,102.051616603064,35.7,8.6,11.0,22.88,706.2,11,3.959193513105711,18.92080648689429
154-1-0-15,M2,26.9591578629992,8.7236,15.4368,100.248405351851,106.915146550237,33.1,8.2,20.0,16.39,619.0,9,4.418605973745569,11.97139402625443
15-KOE-1-18,M2,9.59610697355103,15.477,19.0519,100.741731223796,106.6658669036,4.4,6.6,15.5,16.39,0.0,8,1.5728019329650138,14.817198067034987
13-KOE-1-18,M2,21.8083315596777,14.0865,21.6139,99.8126473935644,101.641868996245,68.1,7.4,29.3,32.39,0.0,7,7.063718592179607,25.326281407820396
M22/02 88,M2,29.0822791410299,12.1324691980993,12.3547177460221,96.5246808510639,93.6215803722504,6.3,6.6,57.4,59.1,0.0,57,17.18762697234867,41.912373027651334
M22/02 82,M2,25.8024688810467,11.7573351399281,12.8536226914221,103.1948,97.6848535433071,5.5,6.6,63.6,63.5,0.0,56,16.384567739464654,47.11543226053534
M22/03 12,M2,29.589469904458,11.0765345105697,12.6496079354964,95.2795797101449,95.0972037735849,14.7,6.5,76.1,79.5,0.0,58,23.52362857404411,55.97637142595589
M20/18 03,M2,30.0303639810131,12.4864782613258,15.174836108292,94.4375774647888,94.0714255319149,8.5,5.3,87.4,94.0,0.0,55,28.22854214215231,65.7714578578477
M20/04 77,M2,16.32926997551,8.39931904356573,11.8086065573771,91.6579824561404,89.4241844660194,30.0,6.1,50.2,51.5,0.0,54,8.409574037387651,43.09042596261235
P114,M2,15.0813214091147,10.4912970241437,19.4860180818791,95.369625,96.6666404494382,43.2,7.0,3.5,3.56,0.0,60,0.5368950421644834,3.0231049578355162
P014,M2,12.1970115383174,10.951540215259,16.8648227502922,98.2425,96.1118574821853,17.0,6.7,1.9,2.105,0.0,59,0.25674709288158126,1.8482529071184188
SP 05,M3,29.8308042101836,9.7648,22.8844,96.5598219284268,92.1122742963327,34.47,6.46,62.38,43.48,0.09,65,12.97043367058783,30.509566329412166
PS 04,M3,43.3029292552152,20.7272,41.1329,94.5064878262138,84.4648954743446,8.6,5.27,20.78,28.02,0.0,61,12.133480777311297,15.886519222688703
EPC 39a,M3,22.7082998374534,9.4776,21.3531,95.6348521448849,90.7349008236886,38.69,5.99,31.72,45.6,0.0,51,10.35498472587875,35.24501527412125
CL-14-2015,M3,21.0403139489995,8.4673,29.0452,94.0571488132463,90.6631354435107,33.0,6.8,13.01,13.01,0.0,44,2.737344844764835,10.272655155235165
CL-14-2002,M3,22.9541398483671,8.1943,26.7837,95.7038849754521,84.0363923256132,33.0,6.8,13.3,13.3,0.0,43,3.0529005998328245,10.247099400167176
CL-10-2015,M3,27.8253450004821,8.2184,33.2804,100.498104336733,86.8000064837246,33.0,6.8,14.14,14.14,0.0,42,3.934503783068169,10.20549621693183
CL-10-2002,M3,30.6722979564809,8.7237,40.885,97.5947520151538,112.735168464888,33.0,6.8,12.05,12.05,0.0,41,3.6960119037559487,8.353988096244052
CL-05-2002,M3,30.2210901795989,8.4853,36.1377,96.9698834493497,96.5052844750102,33.0,6.8,14.14,14.14,0.0,39,4.273262151395285,9.866737848604714
CHS 57b,M3,46.6315534893721,19.7459,23.9167,102.307840740979,100.716498288368,5.31,4.54,34.16,30.61,0.0,38,14.2739185230968,16.3360814769032
CHS 57A,M3,27.9869923699016,10.9896,18.3345,85.4656610388083,86.2076112448196,15.41,4.57,23.07,25.66,0.0,37,7.18146224211675,18.47853775788325
CHS 35,M3,29.3098672906006,19.5282,27.4128,95.0531334396816,91.7546015108132,17.56,4.37,39.87,47.11,0.0,36,13.807878480601943,33.30212151939805
CHP 18,M3,23.6219021840059,13.7745,27.7762,94.9865954309569,88.4538378152765,46.86,5.11,35.45,32.78,0.0,35,7.743259535917134,25.036740464082865
CHP 10,M3,27.607701050089,11.4521,22.7998,97.5036522494857,89.6875757637553,61.51,4.7,42.97,44.92,0.0,34,12.40137931169998,32.518620688300025
WF MI,M3,27.7945092358469,13.085,34.5925,94.6551540586426,94.6284038394751,43.2,7.3,32.8,50.18,19.6,68,13.947284734547974,36.23271526545203
WF CR,M3,25.0061530888506,13.8953,67.8957,92.8914689038363,93.3546292721824,43.2,7.3,18.6,37.73,19.6,67,9.434821560423329,28.29517843957667
FM MI,M3,12.8769639872215,9.8965,18.8814,96.5770749549615,91.3749501171975,15.0,6.7,19.3,19.95,1.3,53,2.568954315450689,17.38104568454931
FM CR,M3,10.0307182442655,9.9925,18.3615,93.1665114018389,91.6895351100015,15.0,6.7,17.2,18.62,1.3,52,1.8677197370822363,16.752280262917765
DE MI,M3,21.5713057629109,8.8522,16.3586,95.5904783249522,94.4191924113349,44.7,7.1,23.2,24.26,1.7,48,5.233198778082184,19.026801221917818
DE CR,M3,14.1512914511138,7.8119,14.3548,94.4147057753513,90.6565261463757,44.7,7.1,11.0,13.1,1.7,47,1.8538191800959076,11.246180819904094
BZE 6201,M3,16.0030621988095,9.7223,15.2941,90.3241288326813,99.3789485115628,15.0,7.85,25.09,21.97,11.01,33,3.5158727650784467,18.45412723492155
BZE 6035,M3,21.3854944331367,14.2768,16.0232,87.4232696592602,85.3831674281288,3.8,6.07,21.73,36.41,0.0,32,7.786458523105071,28.623541476894925
BZE 5406,M3,28.4738816426839,8.0531,10.2926,94.8679418616096,94.0194748131825,37.6,7.38,81.08,75.38,4.18,31,21.463611982255124,53.91638801774488
BZE 5300,M3,29.4989813644576,8.9125,12.4075,90.2453971457748,89.1470864729559,20.5,6.58,41.6,43.51,0.0,30,12.8350067916755,30.6749932083245
BZE 5216,M3,20.3228852853455,9.9729,16.3249,95.2268259879992,92.4587030615489,22.4,5.46,61.2,60.27,0.0,29,12.248602961477733,48.02139703852227
BZE 4770,M3,25.7780978511961,9.2713,14.5605,100.610252721485,96.163009240055,67.2,7.31,80.16,73.59,2.84,28,18.970102208695213,54.6198977913048
BZE 4764,M3,22.1879961537385,8.3365,16.9551,93.8635765662641,86.3517595485451,46.0,6.42,56.45,56.22,0.0,27,12.474091437631783,43.745908562368214
BZE 4655,M3,16.5432581294632,10.7124,16.0755,86.6648947086867,98.9696323074019,21.5,6.6,15.67,16.45,0.31,26,2.7213659622966966,13.728634037703303
BZE 3952,M3,16.5957660193907,8.9583,15.1134,82.6372034610021,86.3048453438927,31.4,8.1,14.04,15.7,15.81,25,2.60553526504434,13.094464734955658
BZE 3581,M3,14.4440562129259,7.8584,16.7936,91.7655587742492,88.0023086149396,29.3,6.36,11.01,11.44,0.0,24,1.652400030758723,9.787599969241276
BZE 3290,M3,30.7838910908665,9.1743,12.4631,95.2888939464036,96.0921597855208,31.1,6.01,59.29,58.57,0.0,23,18.03012501192051,40.53987498807949
BZE 2659,M3,20.4518179280228,9.9834,13.7441,96.0529673618973,90.0679725111669,21.5,7.58,22.38,21.4,2.63,22,4.376689036596878,17.023310963403123
BZE 1412,M3,17.5261081991309,14.8664,16.2804,100.138240069503,100.923106938681,3.2,5.9,15.53,15.63,0.0,20,2.73933071152416,12.89066928847584
BZE 1173,M3,34.7005963288088,14.6908,14.2456,95.5625942937957,96.3953941486487,5.2,5.89,59.77,61.95,0.0,18,21.49701942569705,40.452980574302956
BZE 0259,M3,19.556791790019,11.8345,13.8288,97.8665128393929,103.392536895844,34.1,7.49,27.13,27.08,4.64,17,5.295979216737145,21.784020783262857
BZE 0060,M3,31.0768688457507,9.2902,14.2458,94.1908180273919,93.9360356022188,56.1,5.3,120.31,116.42,0.0,16,36.179690710222964,80.24030928977704
BS MI,M3,20.0377278071457,10.699,24.5656,93.8104251897987,91.8952504378879,4.0,6.25,18.3,8.83,0.0,15,1.7693313653709652,7.060668634629034
BS A,M3,21.2662722758973,10.2604,23.3613,85.4440447273213,85.3687001355674,4.0,6.25,15.5,10.49,0.0,14,2.2308319617416266,8.259168038258373
6019,M3,36.4546889330912,9.4318,11.5966,93.9028360393861,93.5185541335967,39.1,5.86,136.96,0.0,0.0,6,0.0,0.0
3820,M3,18.9506686886943,9.3361,12.4213,89.2948347414948,89.5441017785058,53.9,7.52,28.94,27.1,29.27,4,5.135631214636155,21.96436878536385
3596,M3,24.1190559264746,8.0362,14.1526,96.904885320241,92.2777098600769,60.0,7.57,22.98,21.59,13.35,3,5.207304174525866,16.382695825474133
1005,M3,12.8117546932528,8.8232,16.0815,96.0226707676649,93.1044641448635,10.8,6.52,9.05,9.74,0.0,2,1.2478649071228227,8.492135092877177
786,M3,10.5919209156044,20.7666,20.724,92.3541125994201,93.5482992242736,3.6,6.02,35.61,33.07,0.0,1,3.502748246790375,29.567251753209625
347,M3,35.362730275213,16.6978,16.6821,95.0379971303135,96.7313006038079,4.4,6.08,76.0,0.0,0.0,0,0.0,0.0
TT-06,M3,17.0145073925442,7.7559,11.1825,92.1303733751021,81.4071198315569,28.1,8.6,15.9,15.57,171.6,66,2.6491588010191323,12.920841198980868
REMENDIA,M3,19.2559999255672,9.1886,19.8748,96.299008463906,98.8688546073311,39.1,5.8,36.6,25.55,0.0,63,4.91990798098242,20.63009201901758
ENERIZ C4,M3,15.9284562227088,8.891,12.5177,86.1654975192799,93.0769523690496,29.8,8.6,12.1,55.5,399.3,50,8.840293203603384,46.65970679639662
ENERIZ C3,M3,25.0626000101451,8.2246,9.8185,92.8326649137023,87.1422254639632,29.8,8.6,14.0,57.98,399.3,49,14.53129548588213,43.448704514117864
CS-16-058-A2,M3,15.2477940412835,7.7795,10.5526,91.3225709121694,89.085771036666,30.2,7.9,12.4,72.15,479.0,46,11.001283400786045,61.148716599213955
170-3-0-15,M3,28.0437356850158,8.2944,17.7286,95.596559602204,95.1377487337701,29.4,7.4,34.3,34.27,0.0,13,9.610588219254916,24.659411780745085
156-2-0-15,M3,22.1916815367075,7.9042,13.3674,94.5756797505565,96.0093063806492,37.8,8.1,27.0,26.27,536.5,12,5.82975473969306,20.440245260306938
154-2-15-30,M3,23.4157130258517,7.0144,15.5279,91.7669004172859,85.8970549160956,35.7,8.6,11.0,22.88,706.2,11,5.357515140314868,17.52248485968513
154-1-0-15,M3,33.8961620345216,7.9683,15.705,85.7355836608994,88.5047699676156,33.1,8.2,20.0,16.39,619.0,9,5.555580957458091,10.83441904254191
15-KOE-1-18,M3,7.55030676975267,14.8871,18.4228,97.0006304375239,98.5318393515438,4.4,6.6,15.5,16.39,0.0,8,1.2374952795624625,15.152504720437538
13-KOE-1-18,M3,26.2980742572445,13.4582,22.5069,97.8204834658562,98.0487781742995,68.1,7.4,29.3,32.39,0.0,7,8.517946251921494,23.872053748078503
M22/02 88,M3,23.171020244773,12.0880433497113,14.9677564825254,91.0557872340426,91.6177241962775,6.3,6.6,57.4,59.1,0.0,57,13.694072964660844,45.40592703533916
M22/02 82,M3,20.8050271032586,11.8824343302991,14.9338144329897,97.623,95.3937070866142,5.5,6.6,63.6,63.5,0.0,56,13.21119221056921,50.28880778943079
M22/03 12,M3,23.8616571398516,10.9331018369665,13.1802361715351,90.3015797101449,89.3219685534591,14.7,6.5,76.1,79.5,0.0,58,18.970017426182025,60.529982573817975
M20/18 03,M3,31.2350857073474,12.2199211248993,15.0,89.7161690140845,87.8958382978724,8.5,5.3,87.4,94.0,0.0,55,29.36098056490656,64.63901943509345
M20/04 77,M3,17.3861964958144,8.35181621717635,11.3118712273642,90.3797543859649,87.5269514563107,30.0,6.1,50.2,51.5,0.0,54,8.953891195344415,42.54610880465558
P114,M3,18.1765472869708,10.1219302594612,19.9174040338321,94.6984375,94.6183146067416,43.2,7.0,3.5,3.56,0.0,60,0.6470850834161604,2.9129149165838397
P014,M3,12.0178163527879,10.451180875576,17.4324082363474,91.8213333333333,86.2086650831354,17.0,6.7,1.9,2.105,0.0,59,0.2529750342261853,1.8520249657738146
SP 05,M4,26.3377538845318,9.974,24.4456,103.655912535452,99.197947543175,34.47,6.46,62.38,43.48,0.09,65,11.451655388994427,32.02834461100558
PS 04,M4,59.0423816314329,20.0948,36.2662,98.8961681912159,91.3234625066593,8.6,5.27,20.78,28.02,0.0,61,16.5436753331275,11.4763246668725
EPC 39a,M4,21.181112601101,9.7618,22.8177,100.305275969476,97.541068063029,38.69,5.99,31.72,45.6,0.0,51,9.658587346102056,35.94141265389794
CL-14-2015,M4,21.3884574023181,9.0937,33.6679,92.9549902152642,96.931759552715,33.0,6.8,13.01,13.01,0.0,44,2.7826383080415846,10.227361691958416
CL-14-2002,M4,21.6049741229729,8.6603,31.8691,92.4293884807622,85.7231687450487,33.0,6.8,13.3,13.3,0.0,43,2.873461558355396,10.426538441644604
CL-10-2015,M4,25.6121850993927,8.9728,33.7186,97.2600181902507,88.6538606399795,33.0,6.8,14.14,14.14,0.0,42,3.6215629730541274,10.518437026945872
CL-10-2002,M4,24.5774502464059,8.4165,34.4917,90.7122151799408,94.1193651656562,33.0,6.8,12.05,12.05,0.0,41,2.961582754691911,9.088417245308088
CL-05-2002,M4,30.7453660495891,8.7837,40.0849,93.379300860172,97.6348169209514,33.0,6.8,14.14,14.14,0.0,39,4.347394759411899,9.7926052405881
CHS 57b,M4,50.0944772499329,19.4584,22.6892,107.550039152116,103.197600327149,5.31,4.54,34.16,30.61,0.0,38,15.333919486204461,15.276080513795538
CHS 57A,M4,33.8772934552854,10.3035,15.7602,100.536155900683,95.5999141701518,15.41,4.57,23.07,25.66,0.0,37,8.692913500626233,16.967086499373767
CHS 35,M4,36.1105949682262,22.2225,26.9205,90.6103286384977,97.3059772318102,17.56,4.37,39.87,47.11,0.0,36,17.011701289531363,30.098298710468633
CHP 18,M4,30.212491792683,13.8846,26.8823,91.052852097923,88.1939330980102,46.86,5.11,35.45,32.78,0.0,35,9.903654809641488,22.876345190358517
CHP 10,M4,25.0440134676783,11.6226,22.7109,105.06665092678,96.4270267058558,61.51,4.7,42.97,44.92,0.0,34,11.249770849681093,33.67022915031891
WF MI,M4,25.4767228939499,13.6089,42.6129,95.9318491800952,99.6990406933459,43.2,7.3,32.8,50.18,19.6,68,12.78421954818406,37.39578045181594
WF CR,M4,23.5402626948317,14.4795,93.7125,94.0523038605231,98.5618014226549,43.2,7.3,18.6,37.73,19.6,67,8.88174111476,28.84825888524
FM MI,M4,9.58755542660469,10.7765,22.844,94.8645540592955,96.3768434484506,15.0,6.7,19.3,19.95,1.3,53,1.9127173076076356,18.037282692392363
FM CR,M4,8.7479958630172,10.5363,22.4229,94.2313035895945,97.9277907018673,15.0,6.7,17.2,18.62,1.3,52,1.628876829693803,16.9911231703062
DE MI,M4,15.3059251891406,9.5459,17.4768,93.3219681431449,96.3425551527316,44.7,7.1,23.2,24.26,1.7,48,3.71321745088551,20.546782549114493
DE CR,M4,11.0362972282159,8.5406,16.6151,94.5394280068361,98.537229130756,44.7,7.1,11.0,13.1,1.7,47,1.445754936896283,11.654245063103717
BZE 6201,M4,14.4627337557745,9.9802,15.9443,100.856324743136,113.340254735109,15.0,7.85,25.09,21.97,11.01,33,3.1774626061436577,18.79253739385634
BZE 6035,M4,16.6707763396414,14.351,16.5731,90.4724050857007,88.753078496331,3.8,6.07,21.73,36.41,0.0,32,6.069829665263433,30.340170334736563
BZE 5406,M4,14.9809527256139,8.7278,13.3843,94.4617045051416,100.423695573272,37.6,7.38,81.08,75.38,4.18,31,11.292642164567757,64.08735783543223
BZE 5300,M4,21.4366299061284,9.2059,14.1409,95.7252449687779,96.7472009879409,20.5,6.58,41.6,43.51,0.0,30,9.327077672156467,34.18292232784353
BZE 5216,M4,31.3171717679804,10.0325,13.1837,98.8335549597076,96.0383948772281,22.4,5.46,61.2,60.27,0.0,29,18.874859424561787,41.39514057543821
BZE 4770,M4,19.920131787623,10.498,15.89,97.6579421739626,102.86538891953,67.2,7.31,80.16,73.59,2.84,28,14.659224982511766,58.93077501748823
BZE 4764,M4,18.3526604675482,9.16,19.3118,93.4391449026924,92.7406868685651,46.0,6.42,56.45,56.22,0.0,27,10.317865714855598,45.9021342851444
BZE 4655,M4,14.3842646786786,8.9672,16.2417,98.9030966938735,95.7779144327733,21.5,6.6,15.67,16.45,0.31,26,2.3662115396426295,14.083788460357368
BZE 3952,M4,14.2263072217626,9.2828,16.5915,88.0846176371085,95.1613908078365,31.4,8.1,14.04,15.7,15.81,25,2.2335302338167278,13.466469766183273
BZE 3581,M4,10.6107123218177,8.0388,17.3027,97.6045411134378,93.739998708727,29.3,6.36,11.01,11.44,0.0,24,1.2138654896159449,10.226134510384053
BZE 3290,M4,24.9467856047463,9.3946,13.9482,93.7809539960281,96.9076586026709,31.1,6.01,59.29,58.57,0.0,23,14.611332328699907,43.9586676713001
BZE 2659,M4,18.3370610094106,11.9258,15.3872,94.0415599438156,103.648170087589,21.5,7.58,22.38,21.4,2.63,22,3.9241310560138687,17.47586894398613
BZE 1412,M4,17.8023113976406,15.5954,15.414,96.8209976562084,99.942570743385,3.2,5.9,15.53,15.63,0.0,20,2.7825012714512263,12.847498728548773
BZE 1173,M4,55.5634797773215,15.1778,14.0246,100.692448392997,101.458076826578,5.2,5.89,59.77,61.95,0.0,18,34.42157572205067,27.528424277949334
BZE 0259,M4,18.017041945571,10.6425,16.3515,100.379186021304,98.9569307546268,34.1,7.49,27.13,27.08,4.64,17,4.879014958860626,22.200985041139372
BZE 0060,M4,38.0732557860907,9.3479,13.0252,98.6249553858552,98.9522531381034,56.1,5.3,120.31,116.42,0.0,16,44.324884386166794,72.09511561383322
BS MI,M4,23.5582309123154,10.9644,25.6575,90.9358541190498,93.4648070496752,4.0,6.25,18.3,8.83,0.0,15,2.0801917895574498,6.749808210442551
BS A,M4,20.0416288965744,11.1577,23.6066,86.0494074222312,92.5152994561275,4.0,6.25,15.5,10.49,0.0,14,2.1023668712506547,8.387633128749346
6019,M4,25.4252143163375,9.7055,12.8229,96.4196868232342,98.1177313668514,39.1,5.86,136.96,0.0,0.0,6,0.0,0.0
3820,M4,14.112837469867,9.5008,12.9197,99.3366407774631,100.350166178287,53.9,7.52,28.94,27.1,29.27,4,3.8245789543339566,23.275421045666043
3596,M4,16.7402544160591,8.9573,13.9663,96.7015185959081,97.8311554766972,60.0,7.57,22.98,21.59,13.35,3,3.614220928427159,17.97577907157284
1005,M4,12.5243560984395,8.9894,15.2916,94.7714240361913,92.9868360951885,10.8,6.52,9.05,9.74,0.0,2,1.2198722839880072,8.520127716011993
786,M4,16.3494650534412,20.6591,22.8195,96.308327509042,98.2247402731508,3.6,6.02,35.61,33.07,0.0,1,5.406768093173005,27.663231906826994
347,M4,43.6957289544596,17.1547,16.4354,92.8376905025916,95.1908495800171,4.4,6.08,76.0,0.0,0.0,0,0.0,0.0
TT-06,M4,11.4920933771354,9.0934,12.4005,97.4492831642772,98.779437057554,28.1,8.6,15.9,15.57,171.6,66,1.789318938819982,13.780681061180017
REMENDIA,M4,18.92709965792,9.9204,20.3765,99.9754561010439,110.060666518396,39.1,5.8,36.6,25.55,0.0,63,4.83587396259856,20.714126037401442
ENERIZ C4,M4,14.4094760715836,8.3865,10.5405,87.9597282853932,88.4885557717255,29.8,8.6,12.1,55.5,399.3,50,7.997259219728898,47.502740780271104
ENERIZ C3,M4,23.5520543915915,8.4722,11.8947,91.5818873516844,91.3797501169869,29.8,8.6,14.0,57.98,399.3,49,13.655481136244752,44.32451886375525
CS-16-058-A2,M4,6.80558109089582,8.638,11.0215,86.6787080519817,91.0634441962025,30.2,7.9,12.4,72.15,479.0,46,4.910226757081334,67.23977324291867
170-3-0-15,M4,22.3073461682115,9.0732,19.4611,95.9496538703587,100.841722059468,29.4,7.4,34.3,34.27,0.0,13,7.644727531846081,26.625272468153923
156-2-0-15,M4,16.9836634643693,8.6526,12.9596,87.1193319890388,93.2537039051124,37.8,8.1,27.0,26.27,536.5,12,4.461608392089815,21.808391607910185
154-2-15-30,M4,15.218133195017,8.289,16.2848,100.559386356823,104.684400543779,35.7,8.6,11.0,22.88,706.2,11,3.4819088750198897,19.39809112498011
154-1-0-15,M4,20.7392254585635,10.1554,16.3114,95.2783690342901,113.260720876226,33.1,8.2,20.0,16.39,619.0,9,3.3991590526585576,12.990840947341445
15-KOE-1-18,M4,12.6952514371858,14.9986,18.8979,100.02768342546,103.176926094678,4.4,6.6,15.5,16.39,0.0,8,2.0807517105547526,14.309248289445247
13-KOE-1-18,M4,22.7230058248688,13.8077,23.5638,98.9352270065911,100.420583637074,68.1,7.4,29.3,32.39,0.0,7,7.359981586675004,25.030018413324996
M22/02 88,M4,31.0800610732539,12.391463741481,11.5803506386285,95.567,92.1696954314721,6.3,6.6,57.4,59.1,0.0,57,18.368316094293057,40.731683905706944
M22/02 82,M4,28.0713712111462,12.3349311746932,17.509196164747,98.4304,104.249007874016,5.5,6.6,63.6,63.5,0.0,56,17.825320719077837,45.67467928092216
M22/03 12,M4,20.6691891225813,11.0663936108857,12.5732667033918,94.7742028985508,93.340865408805,14.7,6.5,76.1,79.5,0.0,58,16.432005352452133,63.06799464754787
M20/18 03,M4,42.3129178575565,12.4314689672632,14.53593279596,91.7984507042254,91.8211265957447,8.5,5.3,87.4,94.0,0.0,55,39.774142786103106,54.225857213896894
M20/04 77,M4,15.3331086689109,9.65525732578183,12.598626276858,88.2735438596491,97.8373980582525,30.0,6.1,50.2,51.5,0.0,54,7.896550964489113,43.603449035510884
P114,M4,21.8724578902859,10.6373898154607,16.3016041039003,94.41425,97.7012415730337,43.2,7.0,3.5,3.56,0.0,60,0.7786595008941781,2.781340499105822
P014,M4,12.0117013186223,10.9807137954701,17.7537577365164,100.068,98.4731781472684,17.0,6.7,1.9,2.105,0.0,59,0.2528463127569994,1.8521536872430004
SP 05,M5,39.6244999973563,9.4656,32.9368,75.2267797278643,80.2032549934445,34.47,6.46,62.38,43.48,0.09,65,17.22873259885052,26.25126740114948
PS 04,M5,73.3925057802657,20.4497,40.3691,93.7783696590014,101.904797153851,8.6,5.27,20.78,28.02,0.0,61,20.564580119630445,7.455419880369552
EPC 39a,M5,34.1151843546879,9.978,24.8976,85.8826609168161,94.1850241332627,38.69,5.99,31.72,45.6,0.0,51,15.556524065737683,30.043475934262318
CL-14-2015,M5,16.8500780387323,10.153,30.0949,94.2736049421258,104.423666583773,33.0,6.8,13.01,13.01,0.0,44,2.192195152839072,10.817804847160927
CL-14-2002,M5,22.7371061031867,10.677,27.5493,94.6419316256354,106.310206394087,33.0,6.8,13.3,13.3,0.0,43,3.024035111723831,10.27596488827617
CL-10-2015,M5,2.9636388839137,10.7216,28.0149,93.2498918237942,83.9850739537784,33.0,6.8,14.14,14.14,0.0,42,0.4190585381853972,13.720941461814604
CL-10-2002,M5,13.7483738307939,10.907,21.2102,89.8322113114832,105.552833412209,33.0,6.8,12.05,12.05,0.0,41,1.6566790466106651,10.393320953389336
CL-05-2002,M5,22.6122413016663,9.6767,20.2823,93.0889423076923,92.6141515250426,33.0,6.8,14.14,14.14,0.0,39,3.1973709200556155,10.942629079944385
CHS 57b,M5,71.255077300179,16.8914,23.5154,107.594484237733,103.848199244873,5.31,4.54,34.16,30.61,0.0,38,21.81117916158479,8.798820838415208
CHS 57A,M5,31.031953622451,12.3696,20.284,70.3474556431691,80.6184189531852,15.41,4.57,23.07,25.66,0.0,37,7.962799299520926,17.697200700479073
CHS 35,M5,45.2466642766228,18.0079,30.6558,95.4611069355032,95.7404406234901,17.56,4.37,39.87,47.11,0.0,36,21.315703540717,25.794296459282997
CHP 18,M5,36.8137917083034,12.649,37.2167,82.7952910486002,82.4257842395022,46.86,5.11,35.45,32.78,0.0,35,12.067560921981855,20.712439078018146
CHP 10,M5,37.0418145607642,10.7928,26.7858,85.9532971377365,82.3941915763624,61.51,4.7,42.97,44.92,0.0,34,16.63918310069528,28.280816899304725
WF MI,M5,13.1694000105858,15.6469,18.5892,91.2092203571382,92.1115698948513,43.2,7.3,32.8,50.18,19.6,68,6.608404925311954,43.57159507468804
WF CR,M5,6.99474467286297,17.8273,13.6934,88.2411255444841,89.5194840720417,43.2,7.3,18.6,37.73,19.6,67,2.639117165071198,35.0908828349288
FM MI,M5,11.9294817106471,9.751,20.1746,92.8185479495637,86.4524407378998,15.0,6.7,19.3,19.95,1.3,53,2.3799316012740963,17.570068398725905
FM CR,M5,11.3808026881435,9.1936,18.6949,92.2382200041588,84.4422659893651,15.0,6.7,17.2,18.62,1.3,52,2.1191054605323196,16.50089453946768
DE MI,M5,19.4863450735879,9.01,16.5013,83.1213474660523,82.6400820040706,44.7,7.1,23.2,24.26,1.7,48,4.727387314852424,19.532612685147576
DE CR,M5,12.8394898566047,7.2364,16.6253,87.3430127549949,78.5866260689623,44.7,7.1,11.0,13.1,1.7,47,1.6819731712152155,11.418026828784784
BZE 6201,M5,20.4278583571011,10.1952,14.4496,88.9319264961965,102.941720619259,15.0,7.85,25.09,21.97,11.01,33,4.488000481055112,17.481999518944885
BZE 6035,M5,79.8345882551217,13.3787,15.5002,80.8346752363369,81.2901813991166,3.8,6.07,21.73,36.41,0.0,32,29.067773583689807,7.342226416310187
BZE 5406,M5,17.3107163911933,8.3071,13.4379,76.7441549539778,78.7410692769566,37.6,7.38,81.08,75.38,4.18,31,13.048818015681507,62.33118198431849
BZE 5300,M5,12.2809525755752,9.4145,16.3577,89.8664145713933,90.5882830245882,20.5,6.58,41.6,43.51,0.0,30,5.343442465632769,38.16655753436723
BZE 5216,M5,11.4033458592363,10.7383,18.2674,97.2086322598316,98.1733301562016,22.4,5.46,61.2,60.27,0.0,29,6.872796549361718,53.39720345063829
BZE 4770,M5,18.8278913122717,10.0893,16.6189,86.8677015117521,88.513805599622,67.2,7.31,80.16,73.59,2.84,28,13.855445216700744,59.73455478329925
BZE 4764,M5,15.0178379370848,9.3081,20.374,88.7318612541974,87.9779488831655,46.0,6.42,56.45,56.22,0.0,27,8.443028488229073,47.77697151177092
BZE 4655,M5,10.5244500896229,10.1559,15.5771,84.6053277157615,90.2034899608016,21.5,6.6,15.67,16.45,0.31,26,1.731272039742967,14.71872796025703
BZE 3952,M5,19.3303065885707,9.5645,17.6786,79.3655179284715,90.5312187711348,31.4,8.1,14.04,15.7,15.81,25,3.0348581344056,12.665141865594402
BZE 3581,M5,17.1220666875852,8.3275,17.4339,90.9961295132835,94.0946677085291,29.3,6.36,11.01,11.44,0.0,24,1.9587644290597468,9.481235570940253
BZE 3290,M5,9.71801677735609,9.7324,18.1384,87.922987790137,90.6083381343389,31.1,6.01,59.29,58.57,0.0,23,5.691842426497462,52.87815757350254
BZE 2659,M5,11.4901294853879,11.134,16.59,82.4293372319688,84.9038498519288,21.5,7.58,22.38,21.4,2.63,22,2.4588877098730104,18.941112290126988
BZE 1412,M5,84.500846973951,12.7878,16.3951,82.0539120798968,85.5873983199192,3.2,5.9,15.53,15.63,0.0,20,13.207482382028541,2.422517617971459
BZE 1173,M5,97.4725356226739,12.923,14.6261,100.79596111499,102.037551702092,5.2,5.89,59.77,61.95,0.0,18,60.38423581824649,1.5657641817535175
BZE 0259,M5,33.0521009692124,10.1284,18.6617,93.0008493436402,96.1684242896051,34.1,7.49,27.13,27.08,4.64,17,8.950508942462715,18.12949105753728
BZE 0060,M5,17.6812084801853,10.0128,14.8777,97.2076644619698,98.9006981210323,56.1,5.3,120.31,116.42,0.0,16,20.58446291263173,95.83553708736827
BS MI,M5,26.1004671326002,10.1478,28.496,92.515197568389,92.3039109490115,4.0,6.25,18.3,8.83,0.0,15,2.304671247808598,6.5253287521914025
BS A,M5,16.9216279248571,11.0875,18.855,86.8415463746474,88.8713847742357,4.0,6.25,15.5,10.49,0.0,14,1.7750787693175099,8.71492123068249
6019,M5,23.6759539484377,9.5728,14.0105,77.2376764504948,78.6178698084649,39.1,5.86,136.96,0.0,0.0,6,0.0,0.0
3820,M5,25.4022799406691,9.0955,1415.3329,70.3848429924448,87.6104384512006,53.9,7.52,28.94,27.1,29.27,4,6.884017863921326,20.215982136078672
3596,M5,22.2222018181657,9.1282,15.1656,82.074011247115,87.2354093323395,60.0,7.57,22.98,21.59,13.35,3,4.797773372541975,16.792226627458025
1005,M5,7.3323124042879,9.3565,16.2755,80.3197966855509,80.6668569985396,10.8,6.52,9.05,9.74,0.0,2,0.7141672281776414,9.025832771822358
786,M5,97.9684982522531,13.879,21.4476,86.406546063755,89.1561903152465,3.6,6.02,35.61,33.07,0.0,1,32.3981823720201,0.6718176279799003
347,M5,97.7304723107163,14.1303,16.9263,99.823795505134,102.426255058199,4.4,6.08,76.0,0.0,0.0,0,0.0,0.0
TT-06,M5,13.6405761481718,8.8131,16.5705,88.4308408339103,89.8960597122454,28.1,8.6,15.9,15.57,171.6,66,2.1238377062703493,13.446162293729651
REMENDIA,M5,22.0257886645068,9.6781,21.4482,94.2599149278471,103.919061459132,39.1,5.8,36.6,25.55,0.0,63,5.6275890037814875,19.922410996218513
ENERIZ C4,M5,18.7383255901119,7.5355,15.3977,77.540930884662,75.3699089560146,29.8,8.6,12.1,55.5,399.3,50,10.399770702512104,45.10022929748789
ENERIZ C3,M5,31.7177382068822,7.2836,16.5029,86.8598404667084,84.12412893183,29.8,8.6,14.0,57.98,399.3,49,18.3899446123503,39.59005538764969
CS-16-058-A2,M5,20.7329370901748,7.4993,16.8527,88.6686513123046,89.9790178427817,30.2,7.9,12.4,72.15,479.0,46,14.95881411056112,57.19118588943889
170-3-0-15,M5,17.1039068997077,8.9442,23.6207,84.5913295578787,86.4178941676126,29.4,7.4,34.3,34.27,0.0,13,5.8615088945298295,28.408491105470173
156-2-0-15,M5,18.0097100795048,8.4003,13.8055,82.2617441659719,87.047137659052,37.8,8.1,27.0,26.27,536.5,12,4.73115083788591,21.538849162114087
154-2-15-30,M5,24.320430793466,7.167,18.4629,86.367031460652,84.5440027739856,35.7,8.6,11.0,22.88,706.2,11,5.5645145655450206,17.315485434454978
154-1-0-15,M5,26.2531861193056,8.4263,17.8018,84.1882731609804,88.9457199102348,33.1,8.2,20.0,16.39,619.0,9,4.302897204954188,12.087102795045814
15-KOE-1-18,M5,60.4523013780167,11.835,20.5719,76.5646877566051,82.1838155432513,4.4,6.6,15.5,16.39,0.0,8,9.908132195856938,6.4818678041430635
13-KOE-1-18,M5,25.0968278354364,12.7645,25.3613,84.7781095585062,82.6711530324535,68.1,7.4,29.3,32.39,0.0,7,8.12886253589785,24.261137464102152
M22/02 88,M5,72.9506413972278,10.5444951511694,13.6402792897631,75.4782553191489,75.8520101522843,6.3,6.6,57.4,59.1,0.0,57,43.11382906576163,15.98617093423837
M22/02 82,M5,61.331167671971,10.876556219022,14.2593261386812,92.85948,93.0680157480315,5.5,6.6,63.6,63.5,0.0,56,38.94529147170159,24.554708528298413
M22/03 12,M5,40.6497761728609,10.3548663741524,14.158697592063,92.7060144927536,93.5315786163522,14.7,6.5,76.1,79.5,0.0,58,32.316572057424416,47.18342794257558
M20/18 03,M5,33.9095301395342,12.3673841313689,16.1425755514371,83.8696056338028,85.0934382978723,8.5,5.3,87.4,94.0,0.0,55,31.874958331162148,62.12504166883786
M20/04 77,M5,11.2626640275125,8.67419892572699,15.6101060208151,87.6092631578948,88.5406757281553,30.0,6.1,50.2,51.5,0.0,54,5.800271974168937,45.699728025831064
P114,M5,25.2148220289066,9.62531302598629,28.157554170377,81.4995,84.5434606741573,43.2,7.0,3.5,3.56,0.0,60,0.8976476642290748,2.6623523357709256
P014,M5,11.3796640240098,10.6315229633338,19.1952923010629,93.2015555555556,89.2621187648456,17.0,6.7,1.9,2.105,0.0,59,0.2395419277054063,1.8654580722945937
